{
    "acc": [
        0.6050000190734863,
        0.75,
        0.8824999928474426,
        0.9700000286102295,
        0.9750000238418579
    ],
    "epoch": [
        0,
        1,
        2,
        3,
        4
    ],
    "loss": [
        1.4078610146045685,
        0.4924528181552887,
        0.2697540259361267,
        0.13733061671257019,
        0.11617998778820038
    ],
    "lr": [
        0.0010000000474974513,
        0.0010000000474974513,
        0.0010000000474974513,
        0.00010000000474974513,
        1.0000000656873453e-05
    ],
    "timestamp": "2020-06-01_154324",
    "training time (s)": 310.26,
    "val_acc": [
        0.7524999976158142,
        0.7774999737739563,
        0.8224999904632568,
        0.862500011920929,
        0.8799999952316284
    ],
    "val_loss": [
        0.5180747950077057,
        0.4558640289306641,
        0.3966193652153015,
        0.33285436749458314,
        0.3011759001016617
    ]
}