{
    "acc": [
        0.6700000166893005,
        0.8799999952316284
    ],
    "epoch": [
        0,
        1
    ],
    "loss": [
        0.9364410150051117,
        0.2658193817734718
    ],
    "lr": [
        0.0010000000474974513,
        0.0010000000474974513
    ],
    "timestamp": "2020-05-26_151248",
    "training time (s)": 214.52,
    "val_acc": [
        0.7674999833106995,
        0.8100000023841858
    ],
    "val_loss": [
        0.49366691291332243,
        0.503023207783699
    ]
}