{
    "acc": [
        0.6000000238418579,
        0.7925000190734863,
        0.8700000047683716,
        0.9474999904632568,
        0.9900000095367432
    ],
    "epoch": [
        0,
        1,
        2,
        3,
        4
    ],
    "loss": [
        1.6612612915039062,
        0.43101648807525633,
        0.2898459851741791,
        0.16379298031330108,
        0.11201993465423583
    ],
    "lr": [
        0.0010000000474974513,
        0.0010000000474974513,
        0.0010000000474974513,
        0.00010000000474974513,
        1.0000000656873453e-05
    ],
    "timestamp": "2020-06-04_101008",
    "training time (s)": 271.84,
    "val_acc": [
        0.7599999904632568,
        0.7674999833106995,
        0.8550000190734863,
        0.8575000166893005,
        0.8700000047683716
    ],
    "val_loss": [
        0.5109975123405457,
        0.4795004832744598,
        0.35334826827049254,
        0.33934852838516233,
        0.3072908967733383
    ]
}