{
    "acc": [
        0.6150000095367432,
        0.8324999809265137
    ],
    "epoch": [
        0,
        1
    ],
    "loss": [
        1.122830262184143,
        0.3556945756077766
    ],
    "lr": [
        0.0010000000474974513,
        0.0010000000474974513
    ],
    "timestamp": "2020-06-02_104955",
    "training time (s)": 162.26,
    "val_acc": [
        0.7524999976158142,
        0.7124999761581421
    ],
    "val_loss": [
        0.5000090301036835,
        0.6193061745166779
    ]
}