{
    "acc": [
        0.7174999713897705,
        0.8675000071525574,
        0.9750000238418579
    ],
    "epoch": [
        0,
        1,
        2
    ],
    "loss": [
        1.0001495799422264,
        0.29138757079839706,
        0.09206820279359818
    ],
    "lr": [
        0.0010000000474974513,
        0.0010000000474974513,
        0.0010000000474974513
    ],
    "timestamp": "2020-06-03_104131",
    "training time (s)": 172.61,
    "val_acc": [
        0.800000011920929,
        0.8550000190734863,
        0.6575000286102295
    ],
    "val_loss": [
        0.4511538803577423,
        0.34072285771369937,
        0.8068744206428528
    ]
}